{
  "total_events": 2122185,
  "total_accel_kms_Myr": 1590.0914486467254,
  "max_accel_kms_Myr": 0.027386418674697516,
  "avg_accel_kms_Myr": 0.0007492708923334796,
  "drag_coefficient": 1,
  "coulomb_log": 8.0,
  "density_profile": "central_molecular_zone",
  "avg_friction_accel_km_s_Myr": 0.0007470244984712876
}