{
  "total_events": 2130102,
  "total_accel_kms_Myr": 1590.7550160931814,
  "max_accel_kms_Myr": 0.10176779314238862,
  "avg_accel_kms_Myr": 0.0007467975787512435,
  "drag_coefficient": 1,
  "coulomb_log": 8.0,
  "density_profile": "central_molecular_zone",
  "avg_friction_accel_km_s_Myr": 0.0007455026775869784
}