collision_id,q_value,retain_fraction,bh_probability
1,1.0,0.4625,0.1
2,1.0,0.4625,0.1
3,0.882320365499,0.647705198812,0.15
4,1.0,0.4625,0.1
5,1.0,0.6475,0.15
6,0.702710186304,0.370914533975,0.15
7,0.550521230994,0.372521065827,0.14752606155
8,0.764913163856,0.648431470791,0.0882456581928
9,0.781428443918,0.463064523196,0.119071422196
10,1.0,0.4625,0.1
