{
  "total_events": 2126940,
  "total_accel_kms_Myr": 1592.5853002113622,
  "max_accel_kms_Myr": 0.06660400142606941,
  "avg_accel_kms_Myr": 0.0007487683245467019,
  "drag_coefficient": 1,
  "coulomb_log": 8.0,
  "density_profile": "central_molecular_zone",
  "avg_friction_accel_km_s_Myr": 0.0007470139487510027
}