{
  "total_events": 2123739,
  "total_accel_kms_Myr": 1590.5467646980087,
  "max_accel_kms_Myr": 0.04605562244623487,
  "avg_accel_kms_Myr": 0.0007489370231925904,
  "drag_coefficient": 1,
  "coulomb_log": 8.0,
  "density_profile": "central_molecular_zone",
  "avg_friction_accel_km_s_Myr": 0.0007466921956493268
}