{
  "total_events": 2126721,
  "total_accel_kms_Myr": 1607.5216866727208,
  "max_accel_kms_Myr": 0.07679610785391779,
  "avg_accel_kms_Myr": 0.000755868629064518,
  "drag_coefficient": 1,
  "coulomb_log": 8.0,
  "density_profile": "central_molecular_zone",
  "avg_friction_accel_km_s_Myr": 0.0007541605140583055
}