{
  "total_events": 2122435,
  "total_accel_kms_Myr": 1657.1114212488433,
  "max_accel_kms_Myr": 0.2458259860267471,
  "avg_accel_kms_Myr": 0.000780759562129744,
  "drag_coefficient": 1,
  "coulomb_log": 8.0,
  "density_profile": "central_molecular_zone",
  "avg_friction_accel_km_s_Myr": 0.000778449095339475
}