{
  "total_events": 2123485,
  "total_accel_kms_Myr": 1575.366030396162,
  "max_accel_kms_Myr": 0.041583363821679216,
  "avg_accel_kms_Myr": 0.0007418776353005375,
  "drag_coefficient": 1,
  "coulomb_log": 8.0,
  "density_profile": "central_molecular_zone",
  "avg_friction_accel_km_s_Myr": 0.0007396444355271699
}