{
  "total_events": 2124300,
  "total_accel_kms_Myr": 1588.5052767522748,
  "max_accel_kms_Myr": 0.03385459818551952,
  "avg_accel_kms_Myr": 0.000747778221885927,
  "drag_coefficient": 1,
  "coulomb_log": 8.0,
  "density_profile": "central_molecular_zone",
  "avg_friction_accel_km_s_Myr": 0.0007456192904613637
}