{
  "total_events": 2121926,
  "total_accel_kms_Myr": 1584.9427951931168,
  "max_accel_kms_Myr": 0.029016548259654155,
  "avg_accel_kms_Myr": 0.0007469359417779492,
  "drag_coefficient": 1,
  "coulomb_log": 8.0,
  "density_profile": "central_molecular_zone",
  "avg_friction_accel_km_s_Myr": 0.0007447153174683473
}