{
  "total_events": 2124609,
  "total_accel_kms_Myr": 1587.9454826054946,
  "max_accel_kms_Myr": 0.02570929136223986,
  "avg_accel_kms_Myr": 0.0007474059851038448,
  "drag_coefficient": 1,
  "coulomb_log": 8.0,
  "density_profile": "central_molecular_zone",
  "avg_friction_accel_km_s_Myr": 0.0007452835066034664
}