{
  "total_events": 2123294,
  "total_accel_kms_Myr": 1585.413607713534,
  "max_accel_kms_Myr": 0.018633626560997187,
  "avg_accel_kms_Myr": 0.0007466764412811104,
  "drag_coefficient": 1,
  "coulomb_log": 8.0,
  "density_profile": "central_molecular_zone",
  "avg_friction_accel_km_s_Myr": 0.0007445466746727148
}