{
  "total_events": 2124779,
  "total_accel_kms_Myr": 1579.4176723528972,
  "max_accel_kms_Myr": 0.1283027276205326,
  "avg_accel_kms_Myr": 0.0007433326818238025,
  "drag_coefficient": 1,
  "coulomb_log": 8.0,
  "density_profile": "central_molecular_zone",
  "avg_friction_accel_km_s_Myr": 0.0007411691023674607
}