{
  "total_events": 2125946,
  "total_accel_kms_Myr": 1588.1613795930334,
  "max_accel_kms_Myr": 0.03246958996371074,
  "avg_accel_kms_Myr": 0.0007470374974684369,
  "drag_coefficient": 1,
  "coulomb_log": 8.0,
  "density_profile": "central_molecular_zone",
  "avg_friction_accel_km_s_Myr": 0.0007453144253300818
}