{
  "total_events": 2122756,
  "total_accel_kms_Myr": 1577.9590694715735,
  "max_accel_kms_Myr": 0.04282267214249885,
  "avg_accel_kms_Myr": 0.000743353955646138,
  "drag_coefficient": 1,
  "coulomb_log": 8.0,
  "density_profile": "central_molecular_zone",
  "avg_friction_accel_km_s_Myr": 0.0007410144835934082
}