{
  "total_events": 2119883,
  "total_accel_kms_Myr": 1578.3299180305278,
  "max_accel_kms_Myr": 0.025914533130357707,
  "avg_accel_kms_Myr": 0.0007445363343309643,
  "drag_coefficient": 1,
  "coulomb_log": 8.0,
  "density_profile": "central_molecular_zone",
  "avg_friction_accel_km_s_Myr": 0.0007416386264341959
}