{
  "total_events": 2122773,
  "total_accel_kms_Myr": 1588.5091207462083,
  "max_accel_kms_Myr": 0.11675696756354488,
  "avg_accel_kms_Myr": 0.0007483179410828234,
  "drag_coefficient": 1,
  "coulomb_log": 8.0,
  "density_profile": "central_molecular_zone",
  "avg_friction_accel_km_s_Myr": 0.0007459402861408856
}