{
  "total_events": 2125493,
  "total_accel_kms_Myr": 1609.1332732585133,
  "max_accel_kms_Myr": 0.21168024012435066,
  "avg_accel_kms_Myr": 0.000757063548672479,
  "drag_coefficient": 1,
  "coulomb_log": 8.0,
  "density_profile": "central_molecular_zone",
  "avg_friction_accel_km_s_Myr": 0.0007554876273187204
}