{
  "total_events": 25680,
  "total_accel_kms_Myr": 42.35482879089055,
  "max_accel_kms_Myr": 0.023520658206636482,
  "avg_accel_kms_Myr": 0.0016493313392091336,
  "drag_coefficient": 1,
  "coulomb_log": 8.0,
  "density_profile": "central_molecular_zone",
  "avg_friction_accel_km_s_Myr": 0.00159825962585941
}