{
  "total_events": 2128414,
  "total_accel_kms_Myr": 1590.6537615328157,
  "max_accel_kms_Myr": 0.025764886785280557,
  "avg_accel_kms_Myr": 0.0007473422752964487,
  "drag_coefficient": 1,
  "coulomb_log": 8.0,
  "density_profile": "central_molecular_zone",
  "avg_friction_accel_km_s_Myr": 0.0007456775101873637
}