{
  "total_events": 2121503,
  "total_accel_kms_Myr": 1578.9365680493709,
  "max_accel_kms_Myr": 0.039821036399300534,
  "avg_accel_kms_Myr": 0.000744253752198027,
  "drag_coefficient": 1,
  "coulomb_log": 8.0,
  "density_profile": "central_molecular_zone",
  "avg_friction_accel_km_s_Myr": 0.0007417023162170401
}