{
  "total_events": 2119557,
  "total_accel_kms_Myr": 1583.2510742610993,
  "max_accel_kms_Myr": 0.0949246954428375,
  "avg_accel_kms_Myr": 0.0007469726335555493,
  "drag_coefficient": 1,
  "coulomb_log": 8.0,
  "density_profile": "central_molecular_zone",
  "avg_friction_accel_km_s_Myr": 0.0007444702850183222
}