{
  "total_events": 2127749,
  "total_accel_kms_Myr": 1604.4933194431258,
  "max_accel_kms_Myr": 0.36935537999365275,
  "avg_accel_kms_Myr": 0.0007540801661488858,
  "drag_coefficient": 1,
  "coulomb_log": 8.0,
  "density_profile": "central_molecular_zone",
  "avg_friction_accel_km_s_Myr": 0.0007526838336066049
}