collision_id,q_value,retain_fraction,bh_probability
1,0.969397828233,0.462509054591,0.0784698914116
2,1.0,0.4625,0.1
3,0.890161619332,0.647677284051,0.15
4,1.0,0.4625,0.1
5,0.55004845632,0.651923848502,0.147502422816
6,1.0,0.4625,0.1
7,0.900541795559,0.462602696974,0.15
8,0.993112789712,1.0,1.0
9,1.0,0.4625,0.1
10,0.564729396731,1.0,1.0
11,0.360911859847,1.0,1.0
12,0.111579456067,1.0,1.0
13,0.257700079418,1.0,1.0
