{
  "total_events": 25680,
  "total_accel_kms_Myr": 42.670236534648694,
  "max_accel_kms_Myr": 0.012662931115844786,
  "avg_accel_kms_Myr": 0.0016616135722215223,
  "drag_coefficient": 1,
  "coulomb_log": 8.0,
  "density_profile": "central_molecular_zone",
  "avg_friction_accel_km_s_Myr": 0.001609435007889644
}