{
  "total_events": 2123697,
  "total_accel_kms_Myr": 1580.7699079226973,
  "max_accel_kms_Myr": 0.03417940437124641,
  "avg_accel_kms_Myr": 0.0007443481381396203,
  "drag_coefficient": 1,
  "coulomb_log": 8.0,
  "density_profile": "central_molecular_zone",
  "avg_friction_accel_km_s_Myr": 0.0007426621322186548
}