{
  "total_events": 2125328,
  "total_accel_kms_Myr": 1602.212065281571,
  "max_accel_kms_Myr": 0.11971790892865758,
  "avg_accel_kms_Myr": 0.0007538657869663275,
  "drag_coefficient": 1,
  "coulomb_log": 8.0,
  "density_profile": "central_molecular_zone",
  "avg_friction_accel_km_s_Myr": 0.0007519201363445066
}