collision_id,q_value,retain_fraction,bh_probability
1,1.0,0.4625,0.1
2,1.0,0.4625,0.1
3,1.0,0.4625,0.1
4,1.0,0.4625,0.1
5,1.0,0.4625,0.1
6,0.420739304998,0.656227274468,0.14103696525
7,0.420739304998,0.656227274468,0.14103696525
8,0.932327881848,0.647564389819,0.15
9,1.0,0.4625,0.1
10,0.336239945286,1.0,1.0
11,0.451278260781,0.467860856977,0.102563913039
12,1.0,0.4625,0.1
13,0.598069659338,1.0,1.0
14,0.330204029178,1.0,1.0
15,0.118372519345,1.0,1.0
16,1.0,0.4625,0.1
17,0.105843551498,1.0,1.0
