{
  "total_events": 2121228,
  "total_accel_kms_Myr": 1584.6485242750455,
  "max_accel_kms_Myr": 0.037755078785765846,
  "avg_accel_kms_Myr": 0.0007470429978649374,
  "drag_coefficient": 1,
  "coulomb_log": 8.0,
  "density_profile": "central_molecular_zone",
  "avg_friction_accel_km_s_Myr": 0.0007450948781370962
}