{
  "total_events": 2129353,
  "total_accel_kms_Myr": 1586.5507001359392,
  "max_accel_kms_Myr": 0.023575056641439943,
  "avg_accel_kms_Myr": 0.0007450858078185905,
  "drag_coefficient": 1,
  "coulomb_log": 8.0,
  "density_profile": "central_molecular_zone",
  "avg_friction_accel_km_s_Myr": 0.0007436551296116241
}