{
  "total_events": 2123699,
  "total_accel_kms_Myr": 1583.1218058754064,
  "max_accel_kms_Myr": 0.051514183074183185,
  "avg_accel_kms_Myr": 0.0007454548906767892,
  "drag_coefficient": 1,
  "coulomb_log": 8.0,
  "density_profile": "central_molecular_zone",
  "avg_friction_accel_km_s_Myr": 0.0007434960676178261
}