{
  "total_events": 2129102,
  "total_accel_kms_Myr": 1585.2813039352084,
  "max_accel_kms_Myr": 0.025615739342327692,
  "avg_accel_kms_Myr": 0.0007445774340239258,
  "drag_coefficient": 1,
  "coulomb_log": 8.0,
  "density_profile": "central_molecular_zone",
  "avg_friction_accel_km_s_Myr": 0.0007429924594293338
}