{
  "total_events": 2115975,
  "total_accel_kms_Myr": 1592.767956432265,
  "max_accel_kms_Myr": 0.02186858274863072,
  "avg_accel_kms_Myr": 0.0007527347707001571,
  "drag_coefficient": 1,
  "coulomb_log": 8.0,
  "density_profile": "central_molecular_zone",
  "avg_friction_accel_km_s_Myr": 0.0007499160790776712
}