{
  "total_events": 2126871,
  "total_accel_kms_Myr": 1591.9134277506705,
  "max_accel_kms_Myr": 0.021968362665143768,
  "avg_accel_kms_Myr": 0.0007484767189691667,
  "drag_coefficient": 1,
  "coulomb_log": 8.0,
  "density_profile": "central_molecular_zone",
  "avg_friction_accel_km_s_Myr": 0.0007465454530132176
}