{
  "total_events": 2115474,
  "total_accel_kms_Myr": 1577.0301374726857,
  "max_accel_kms_Myr": 0.26237728511908,
  "avg_accel_kms_Myr": 0.0007454736562456857,
  "drag_coefficient": 1,
  "coulomb_log": 8.0,
  "density_profile": "central_molecular_zone",
  "avg_friction_accel_km_s_Myr": 0.0007425367644956489
}