{
  "total_events": 2133104,
  "total_accel_kms_Myr": 1596.2594915783861,
  "max_accel_kms_Myr": 0.025250515744339234,
  "avg_accel_kms_Myr": 0.0007483270818386662,
  "drag_coefficient": 1,
  "coulomb_log": 8.0,
  "density_profile": "central_molecular_zone",
  "avg_friction_accel_km_s_Myr": 0.0007473208747647017
}