{
  "total_events": 2124878,
  "total_accel_kms_Myr": 1582.811294562844,
  "max_accel_kms_Myr": 0.11326340518842089,
  "avg_accel_kms_Myr": 0.0007448951396564151,
  "drag_coefficient": 1,
  "coulomb_log": 8.0,
  "density_profile": "central_molecular_zone",
  "avg_friction_accel_km_s_Myr": 0.0007427557910519556
}