{
  "total_events": 2123125,
  "total_accel_kms_Myr": 1582.3611947211116,
  "max_accel_kms_Myr": 0.06602326509203965,
  "avg_accel_kms_Myr": 0.0007452981782613419,
  "drag_coefficient": 1,
  "coulomb_log": 8.0,
  "density_profile": "central_molecular_zone",
  "avg_friction_accel_km_s_Myr": 0.0007431579818679974
}