{
  "total_events": 2122010,
  "total_accel_kms_Myr": 1573.8982751808353,
  "max_accel_kms_Myr": 0.025096229202353028,
  "avg_accel_kms_Myr": 0.0007417016296722614,
  "drag_coefficient": 1,
  "coulomb_log": 8.0,
  "density_profile": "central_molecular_zone",
  "avg_friction_accel_km_s_Myr": 0.000739533145587652
}