{
  "total_events": 2119159,
  "total_accel_kms_Myr": 1589.290679269618,
  "max_accel_kms_Myr": 0.07735082565626089,
  "avg_accel_kms_Myr": 0.0007499629236265981,
  "drag_coefficient": 1,
  "coulomb_log": 8.0,
  "density_profile": "central_molecular_zone",
  "avg_friction_accel_km_s_Myr": 0.0007471410222305061
}