{
  "total_events": 2123626,
  "total_accel_kms_Myr": 1571.1145120927883,
  "max_accel_kms_Myr": 0.028271734885557967,
  "avg_accel_kms_Myr": 0.0007398263687168966,
  "drag_coefficient": 1,
  "coulomb_log": 8.0,
  "density_profile": "central_molecular_zone",
  "avg_friction_accel_km_s_Myr": 0.0007377350210184676
}