{
  "total_events": 2134603,
  "total_accel_kms_Myr": 1590.6923961889697,
  "max_accel_kms_Myr": 0.03110556165594389,
  "avg_accel_kms_Myr": 0.0007451935541123899,
  "drag_coefficient": 1,
  "coulomb_log": 8.0,
  "density_profile": "central_molecular_zone",
  "avg_friction_accel_km_s_Myr": 0.0007444231360283273
}