{
  "total_events": 2124308,
  "total_accel_kms_Myr": 1584.5589227392838,
  "max_accel_kms_Myr": 0.027323972283326798,
  "avg_accel_kms_Myr": 0.0007459176930743017,
  "drag_coefficient": 1,
  "coulomb_log": 8.0,
  "density_profile": "central_molecular_zone",
  "avg_friction_accel_km_s_Myr": 0.0007436955410496795
}