{
  "total_events": 2122178,
  "total_accel_kms_Myr": 1583.5120486199519,
  "max_accel_kms_Myr": 0.021508532212857704,
  "avg_accel_kms_Myr": 0.000746173058348523,
  "drag_coefficient": 1,
  "coulomb_log": 8.0,
  "density_profile": "central_molecular_zone",
  "avg_friction_accel_km_s_Myr": 0.0007438975728838966
}