{
  "total_events": 2120199,
  "total_accel_kms_Myr": 1585.1882868310174,
  "max_accel_kms_Myr": 0.14599727505224783,
  "avg_accel_kms_Myr": 0.0007476601426710499,
  "drag_coefficient": 1,
  "coulomb_log": 8.0,
  "density_profile": "central_molecular_zone",
  "avg_friction_accel_km_s_Myr": 0.0007451780042341542
}