{
  "total_events": 2129340,
  "total_accel_kms_Myr": 1587.2495443073576,
  "max_accel_kms_Myr": 0.03373323942178091,
  "avg_accel_kms_Myr": 0.0007454185542503112,
  "drag_coefficient": 1,
  "coulomb_log": 8.0,
  "density_profile": "central_molecular_zone",
  "avg_friction_accel_km_s_Myr": 0.0007442589362764934
}