{
  "total_events": 2116557,
  "total_accel_kms_Myr": 1617.6268327756711,
  "max_accel_kms_Myr": 0.3210673910818135,
  "avg_accel_kms_Myr": 0.0007642727470961902,
  "drag_coefficient": 1,
  "coulomb_log": 8.0,
  "density_profile": "central_molecular_zone",
  "avg_friction_accel_km_s_Myr": 0.0007614841466049806
}