{
  "total_events": 2127259,
  "total_accel_kms_Myr": 1595.2524528422705,
  "max_accel_kms_Myr": 0.019642001255132324,
  "avg_accel_kms_Myr": 0.0007499098383611354,
  "drag_coefficient": 1,
  "coulomb_log": 8.0,
  "density_profile": "central_molecular_zone",
  "avg_friction_accel_km_s_Myr": 0.0007484537120227971
}