{
  "total_events": 2120260,
  "total_accel_kms_Myr": 1584.9962758679806,
  "max_accel_kms_Myr": 0.06558851403191356,
  "avg_accel_kms_Myr": 0.0007475480723439487,
  "drag_coefficient": 1,
  "coulomb_log": 8.0,
  "density_profile": "central_molecular_zone",
  "avg_friction_accel_km_s_Myr": 0.0007450132774775363
}