{
  "total_events": 2124335,
  "total_accel_kms_Myr": 1589.803373933605,
  "max_accel_kms_Myr": 0.026548363041465916,
  "avg_accel_kms_Myr": 0.0007483769621710346,
  "drag_coefficient": 1,
  "coulomb_log": 8.0,
  "density_profile": "central_molecular_zone",
  "avg_friction_accel_km_s_Myr": 0.0007460544407091693
}