{
  "total_events": 2125411,
  "total_accel_kms_Myr": 1583.362246085087,
  "max_accel_kms_Myr": 0.028565141635304672,
  "avg_accel_kms_Myr": 0.0007449675597261362,
  "drag_coefficient": 1,
  "coulomb_log": 8.0,
  "density_profile": "central_molecular_zone",
  "avg_friction_accel_km_s_Myr": 0.0007428498951524966
}