{
  "total_events": 2134680,
  "total_accel_kms_Myr": 1584.7011716150078,
  "max_accel_kms_Myr": 0.025576636318912004,
  "avg_accel_kms_Myr": 0.0007423600594070342,
  "drag_coefficient": 1,
  "coulomb_log": 8.0,
  "density_profile": "central_molecular_zone",
  "avg_friction_accel_km_s_Myr": 0.0007415812354220418
}