{
  "total_events": 2118130,
  "total_accel_kms_Myr": 1587.7998549846202,
  "max_accel_kms_Myr": 0.05256165203927826,
  "avg_accel_kms_Myr": 0.0007496234201794131,
  "drag_coefficient": 1,
  "coulomb_log": 8.0,
  "density_profile": "central_molecular_zone",
  "avg_friction_accel_km_s_Myr": 0.0007469093780719918
}