{
  "total_events": 2119208,
  "total_accel_kms_Myr": 1610.5249659082804,
  "max_accel_kms_Myr": 0.10202835192888897,
  "avg_accel_kms_Myr": 0.0007599654993319582,
  "drag_coefficient": 1,
  "coulomb_log": 8.0,
  "density_profile": "central_molecular_zone",
  "avg_friction_accel_km_s_Myr": 0.0007575458209517839
}