{
  "total_events": 2122192,
  "total_accel_kms_Myr": 1612.718360041844,
  "max_accel_kms_Myr": 0.10142171982177668,
  "avg_accel_kms_Myr": 0.0007599304681394728,
  "drag_coefficient": 1,
  "coulomb_log": 8.0,
  "density_profile": "central_molecular_zone",
  "avg_friction_accel_km_s_Myr": 0.000757632120655606
}