{
  "total_events": 2130166,
  "total_accel_kms_Myr": 1598.0605380325972,
  "max_accel_kms_Myr": 0.09183013925443258,
  "avg_accel_kms_Myr": 0.0007502046967384688,
  "drag_coefficient": 1,
  "coulomb_log": 8.0,
  "density_profile": "central_molecular_zone",
  "avg_friction_accel_km_s_Myr": 0.0007487865869359761
}