{
  "total_events": 2125853,
  "total_accel_kms_Myr": 1591.6739331159627,
  "max_accel_kms_Myr": 0.030792595305966036,
  "avg_accel_kms_Myr": 0.0007487224813361802,
  "drag_coefficient": 1,
  "coulomb_log": 8.0,
  "density_profile": "central_molecular_zone",
  "avg_friction_accel_km_s_Myr": 0.0007469117466885038
}