{
  "total_events": 2120221,
  "total_accel_kms_Myr": 1577.0912773458438,
  "max_accel_kms_Myr": 0.022313128392362852,
  "avg_accel_kms_Myr": 0.0007438334387527733,
  "drag_coefficient": 1,
  "coulomb_log": 8.0,
  "density_profile": "central_molecular_zone",
  "avg_friction_accel_km_s_Myr": 0.000741455560092545
}