{
  "total_events": 2119375,
  "total_accel_kms_Myr": 1580.8364485801367,
  "max_accel_kms_Myr": 0.027409242860258025,
  "avg_accel_kms_Myr": 0.000745897469102984,
  "drag_coefficient": 1,
  "coulomb_log": 8.0,
  "density_profile": "central_molecular_zone",
  "avg_friction_accel_km_s_Myr": 0.0007432332539544986
}