{
  "total_events": 2124603,
  "total_accel_kms_Myr": 1582.8646105414084,
  "max_accel_kms_Myr": 0.03001849217237521,
  "avg_accel_kms_Myr": 0.000745016650424295,
  "drag_coefficient": 1,
  "coulomb_log": 8.0,
  "density_profile": "central_molecular_zone",
  "avg_friction_accel_km_s_Myr": 0.0007429335147650182
}