{
  "total_events": 2119344,
  "total_accel_kms_Myr": 1573.7521153789673,
  "max_accel_kms_Myr": 0.03264979634149313,
  "avg_accel_kms_Myr": 0.000742565678520791,
  "drag_coefficient": 1,
  "coulomb_log": 8.0,
  "density_profile": "central_molecular_zone",
  "avg_friction_accel_km_s_Myr": 0.000739698249490641
}