{
  "total_events": 181021,
  "total_accel_kms_Myr": 211.98352532712522,
  "max_accel_kms_Myr": 0.004084001168401435,
  "avg_accel_kms_Myr": 0.0011710438309761035,
  "drag_coefficient": 1,
  "coulomb_log": 8.0,
  "density_profile": "central_molecular_zone",
  "avg_friction_accel_km_s_Myr": 0.0011711829597444462
}