{
  "total_events": 2120756,
  "total_accel_kms_Myr": 1587.3343666767119,
  "max_accel_kms_Myr": 0.04583876860261684,
  "avg_accel_kms_Myr": 0.000748475716525952,
  "drag_coefficient": 1,
  "coulomb_log": 8.0,
  "density_profile": "central_molecular_zone",
  "avg_friction_accel_km_s_Myr": 0.0007458000207779334
}