{
  "total_events": 2123703,
  "total_accel_kms_Myr": 1587.94495778479,
  "max_accel_kms_Myr": 0.028324253875901633,
  "avg_accel_kms_Myr": 0.0007477245913316457,
  "drag_coefficient": 1,
  "coulomb_log": 8.0,
  "density_profile": "central_molecular_zone",
  "avg_friction_accel_km_s_Myr": 0.0007455628524199407
}