{
  "total_events": 2126175,
  "total_accel_kms_Myr": 1582.1237153021862,
  "max_accel_kms_Myr": 0.11980658531119016,
  "avg_accel_kms_Myr": 0.000744117354075834,
  "drag_coefficient": 1,
  "coulomb_log": 8.0,
  "density_profile": "central_molecular_zone",
  "avg_friction_accel_km_s_Myr": 0.0007421195801434684
}