{
  "total_events": 2128472,
  "total_accel_kms_Myr": 1589.2967072186973,
  "max_accel_kms_Myr": 0.027249677905122727,
  "avg_accel_kms_Myr": 0.0007466843384449959,
  "drag_coefficient": 1,
  "coulomb_log": 8.0,
  "density_profile": "central_molecular_zone",
  "avg_friction_accel_km_s_Myr": 0.0007450105574913577
}