{
  "total_events": 2121995,
  "total_accel_kms_Myr": 1615.5382072347409,
  "max_accel_kms_Myr": 0.14923251379704805,
  "avg_accel_kms_Myr": 0.0007613298840170409,
  "drag_coefficient": 1,
  "coulomb_log": 8.0,
  "density_profile": "central_molecular_zone",
  "avg_friction_accel_km_s_Myr": 0.0007588704716487044
}