{
  "total_events": 2128574,
  "total_accel_kms_Myr": 1583.2270256415325,
  "max_accel_kms_Myr": 0.02629365891019931,
  "avg_accel_kms_Myr": 0.0007437970329626936,
  "drag_coefficient": 1,
  "coulomb_log": 8.0,
  "density_profile": "central_molecular_zone",
  "avg_friction_accel_km_s_Myr": 0.0007422918131377612
}