{
  "total_events": 2120334,
  "total_accel_kms_Myr": 1600.0267300480511,
  "max_accel_kms_Myr": 0.16308257014043612,
  "avg_accel_kms_Myr": 0.0007546107028647615,
  "drag_coefficient": 1,
  "coulomb_log": 8.0,
  "density_profile": "central_molecular_zone",
  "avg_friction_accel_km_s_Myr": 0.0007521308881490362
}