{
  "total_events": 2130690,
  "total_accel_kms_Myr": 1577.4098951796962,
  "max_accel_kms_Myr": 0.029118205059826676,
  "avg_accel_kms_Myr": 0.0007403282012773779,
  "drag_coefficient": 1,
  "coulomb_log": 8.0,
  "density_profile": "central_molecular_zone",
  "avg_friction_accel_km_s_Myr": 0.0007390096009591175
}