{
  "total_events": 2126763,
  "total_accel_kms_Myr": 1582.4106967812932,
  "max_accel_kms_Myr": 0.025960501396784696,
  "avg_accel_kms_Myr": 0.0007440465612676603,
  "drag_coefficient": 1,
  "coulomb_log": 8.0,
  "density_profile": "central_molecular_zone",
  "avg_friction_accel_km_s_Myr": 0.0007423609698142025
}