{
  "total_events": 2121332,
  "total_accel_kms_Myr": 1586.9925975394522,
  "max_accel_kms_Myr": 0.06962823547553411,
  "avg_accel_kms_Myr": 0.0007481113741457971,
  "drag_coefficient": 1,
  "coulomb_log": 8.0,
  "density_profile": "central_molecular_zone",
  "avg_friction_accel_km_s_Myr": 0.0007461226542007144
}