{
  "total_events": 2123704,
  "total_accel_kms_Myr": 1602.8493552789805,
  "max_accel_kms_Myr": 0.10490970507832471,
  "avg_accel_kms_Myr": 0.0007547423535855187,
  "drag_coefficient": 1,
  "coulomb_log": 8.0,
  "density_profile": "central_molecular_zone",
  "avg_friction_accel_km_s_Myr": 0.0007527041208856993
}