{
  "total_events": 2126656,
  "total_accel_kms_Myr": 1597.4917840681505,
  "max_accel_kms_Myr": 0.02025717668807412,
  "avg_accel_kms_Myr": 0.0007511754529496781,
  "drag_coefficient": 1,
  "coulomb_log": 8.0,
  "density_profile": "central_molecular_zone",
  "avg_friction_accel_km_s_Myr": 0.0007491954344505846
}