{
  "total_events": 2121550,
  "total_accel_kms_Myr": 1645.1746049080111,
  "max_accel_kms_Myr": 0.20856568316637214,
  "avg_accel_kms_Myr": 0.0007754587942344094,
  "drag_coefficient": 1,
  "coulomb_log": 8.0,
  "density_profile": "central_molecular_zone",
  "avg_friction_accel_km_s_Myr": 0.0007730526995996513
}